timestamp,batch_idx,original_loss,auxiliary_loss,normalized_auxiliary_loss,total_loss,normalization_factor,auxiliary_weight,ema_original,ema_auxiliary
2025-07-16T11:16:10.337880,1,0.3441151976585388,4.6691083908081055,4.4743170738220215,4.818432331085205,0.9582807818205,1.0,0.9934411519765853,1.0366910839080812
2025-07-16T11:21:42.751308,3,0.5627637505531311,4.698159694671631,4.329718112945557,4.892481803894043,0.921577425911064,1.0,0.9891343779623508,1.0733057700157167
2025-07-16T11:22:14.571287,4,0.7386443018913269,4.462707996368408,3.976734161376953,4.715378284454346,0.891103371921309,1.0,0.9866294772016405,1.1071997922792436
2025-07-16T11:22:41.967867,5,0.22951538860797882,5.107470512390137,4.358874320983887,4.588389873504639,0.8534311320145102,1.0,0.9790583363157039,1.1472024994803525
2025-07-16T11:23:22.676195,6,0.3929801881313324,4.558480739593506,3.75539231300354,4.148372650146484,0.823825410135719,1.0,0.9731975548338602,1.181315281881484
2025-07-16T11:24:01.859881,7,0.5152482986450195,4.674698829650879,3.7229197025299072,4.238167762756348,0.7963977449053685,1.0,0.9686180622719718,1.216249117359178
2025-07-16T11:24:36.727978,8,0.5663942694664001,4.622025489807129,3.565833568572998,4.132227897644043,0.7714872494287287,1.0,0.964595824343916,1.2503068810836575
2025-07-16T11:25:08.812521,9,0.18197660148143768,4.577853202819824,3.4122865200042725,3.5942630767822266,0.7453901410449855,1.0,0.9567696321152912,1.2835823443010193
2025-07-16T11:25:53.053690,10,0.5485944747924805,4.49793815612793,3.256856918334961,3.8054513931274414,0.7240777669190311,1.0,0.9526878805420631,1.3157259024192884
2025-07-16T11:26:49.552284,12,0.39177218079566956,4.825625419616699,3.38330078125,3.7750730514526367,0.7011113862516737,1.0,0.9470787235445991,1.3508248975912627
2025-07-16T11:28:05.412162,1,0.4113622307777405,4.471468448638916,3.0468761920928955,3.458238363265991,0.6814039083248237,1.0,0.9417215586169305,1.3820313331017393
2025-07-16T11:28:59.812008,3,0.6604585647583008,4.60577917098999,3.0576980113983154,3.718156576156616,0.663882929763936,1.0,0.9389089286783443,1.414268811480622
2025-07-16T11:29:22.252208,4,0.7794339656829834,4.586855888366699,2.973264694213867,3.7526986598968506,0.6482141214434501,1.0,0.9373141790483906,1.445994682249483
2025-07-16T11:29:55.032005,5,0.38490453362464905,4.80945348739624,3.0287325382232666,3.413637161254883,0.6297456362884567,1.0,0.9317900825941533,1.4796292703009506
2025-07-16T11:30:26.092418,6,0.4438086748123169,4.500126838684082,2.7626965045928955,3.206505298614502,0.6139152458901936,1.0,0.926910268516335,1.509834245984782
2025-07-16T11:31:00.073503,7,0.49744713306427,4.703629493713379,2.8147101402282715,3.312157154083252,0.5984124192263991,1.0,0.9226156371618143,1.541772198462068
2025-07-16T11:31:29.525041,8,0.29762858152389526,4.826933860778809,2.809075355529785,3.106703996658325,0.5819585300354716,1.0,0.9163657666054351,1.5746238150852354
2025-07-16T11:31:56.003309,9,0.14244836568832397,4.7069091796875,2.663116216659546,2.8055646419525146,0.5657887678525566,1.0,0.908626592596264,1.605946668731258
2025-07-16T11:32:30.388615,10,0.19883914291858673,4.477611064910889,2.469435214996338,2.668274402618408,0.5515072771157844,1.0,0.9015287180994872,1.6346633126930543
2025-07-16T11:33:01.002658,11,0.2514539062976837,4.6665802001953125,2.5085668563842773,2.7600207328796387,0.537559989077443,1.0,0.8950279699814692,1.664982481568077
2025-07-16T11:33:27.679893,12,0.28261977434158325,4.547859191894531,2.3866941928863525,2.669313907623291,0.5247951231132706,1.0,0.8889038880250704,1.6938112486713415
2025-07-16T11:34:52.807997,1,0.5300741791725159,4.725040912628174,2.426248788833618,2.9563229084014893,0.5134873241592576,1.0,0.8853155909365448,1.7241235453109098
2025-07-16T11:35:22.200770,2,0.42997199296951294,4.747411251068115,2.383404016494751,2.813375949859619,0.502042879489315,1.0,0.8807621549568745,1.754356422368482
2025-07-16T11:36:19.972328,4,0.47127866744995117,4.6334381103515625,2.2779855728149414,2.7492642402648926,0.4916404522685185,1.0,0.8766673200818053,1.783147239248313
2025-07-16T11:36:52.144475,5,0.472036212682724,4.5678629875183105,2.2010080814361572,2.673044204711914,0.48184633026170626,1.0,0.8726210090078145,1.8109943967310131
2025-07-16T11:37:30.012470,6,0.37507355213165283,5.321280002593994,2.500943422317505,2.8760170936584473,0.4699890693342729,1.0,0.8676455344390529,1.8460972527896429
2025-07-16T11:37:55.068245,7,0.4612188935279846,4.7515130043029785,2.1882593631744385,2.6494781970977783,0.4605394842671322,1.0,0.8635812680299422,1.8751514103047764
2025-07-16T11:38:33.789134,8,0.1767062246799469,5.129648208618164,2.30363392829895,2.4803402423858643,0.4490822139498368,1.0,0.8567125175964422,1.9076963782879102
2025-07-16T11:39:06.015390,9,0.03460052236914635,4.431166648864746,1.9451323747634888,1.979732871055603,0.43896619056811687,1.0,0.8484913976441691,1.9329310809936786
2025-07-16T11:39:37.550570,10,0.3678317964076996,4.753629207611084,2.0450189113616943,2.4128506183624268,0.4302016332076059,1.0,0.8436848016318045,1.9611380622598527
2025-07-16T11:39:56.734465,11,0.6039862036705017,4.513969898223877,1.91151762008667,2.5155038833618164,0.42346708014215545,1.0,0.8412878156521915,1.9866663806194929
2025-07-16T11:40:24.232438,12,0.509833037853241,4.543674468994141,1.8921622037887573,2.4019951820373535,0.4164387634064673,1.0,0.837973267874202,2.0122364615032393
2025-07-16T11:41:35.611183,1,0.4110218286514282,4.623847961425781,1.8911936283111572,2.302215576171875,0.40900860773674896,1.0,0.8337037534819742,2.0383525765024646
2025-07-16T11:41:57.342776,2,0.14534734189510345,5.367059707641602,2.1420681476593018,2.2874155044555664,0.3991139029644885,1.0,0.8268201893661056,2.071639647813856
2025-07-16T11:42:28.761055,3,0.38123008608818054,4.7109785079956055,1.8465583324432373,2.2277884483337402,0.3919691778631761,1.0,0.8223642883333263,2.0980330364156736
2025-07-16T11:42:59.268014,4,0.39142221212387085,4.676086902618408,1.8011447191238403,2.1925668716430664,0.385182048612474,1.0,0.8180548675712318,2.123813575077701
2025-07-16T11:43:31.611636,5,0.35649293661117554,4.453214168548584,1.6871157884597778,2.0436086654663086,0.3788535104931916,1.0,0.8134392482616313,2.14710758101241
2025-07-16T11:43:59.049697,6,0.3879571855068207,4.9001054763793945,1.8233332633972168,2.2112903594970703,0.37210082213686074,1.0,0.8091844276340833,2.17463755996608
2025-07-16T11:44:20.494426,7,0.028302526101469994,4.854816436767578,1.767267107963562,1.795569658279419,0.36402347647657957,1.0,0.8013756086187571,2.2014393487340946
2025-07-16T11:44:52.704272,8,0.03741282969713211,4.696163177490234,1.6742435693740845,1.7116564512252808,0.3565130970027216,1.0,0.7937359808295409,2.226386587021656
2025-07-16T11:45:26.812458,9,0.6637305021286011,4.64169979095459,1.634385585784912,2.2981162071228027,0.35210928108039546,1.0,0.7924359260425314,2.2505397190609853
2025-07-16T11:45:56.716498,10,0.03571679815649986,4.645285606384277,1.602972149848938,1.6386889219284058,0.3450750300671163,1.0,0.7848687347636711,2.274487177934218
2025-07-16T11:46:29.871484,11,0.5074352622032166,4.639565467834473,1.5789209604263306,2.0863561630249023,0.340316556257285,1.0,0.7820944000380665,2.2981379608332206
2025-07-16T11:47:02.673262,12,0.5202059745788574,4.6223249435424805,1.5520894527435303,2.0722954273223877,0.33578111695919344,1.0,0.7794755157834744,2.3213798306603133
2025-07-16T11:48:34.559412,1,0.41584351658821106,4.683413982391357,1.549499273300171,1.9653427600860596,0.33084824542361385,1.0,0.7758391957915217,2.345000172177624
2025-07-16T11:48:48.821741,2,0.8203696012496948,4.593667984008789,1.5062357187271118,2.3266053199768066,0.3278939000105234,1.0,0.7762844998461034,2.3674868502959354
2025-07-16T11:49:07.205030,3,0.9307799339294434,4.707516670227051,1.5315005779266357,2.462280511856079,0.3253308929378665,1.0,0.7778294541869368,2.3908871484952465
2025-07-16T11:49:28.162831,4,0.48920518159866333,4.444665431976318,1.428351879119873,1.9175570011138916,0.3213631899459507,1.0,0.774943211461054,2.411424931330057
2025-07-16T11:49:53.074357,5,0.3312976360321045,4.788074016571045,1.5149705410003662,1.8462681770324707,0.31640500435574426,1.0,0.7705067557067645,2.435191422182467
2025-07-16T11:50:18.965526,6,0.5645503997802734,4.473143577575684,1.399827003479004,1.9643774032592773,0.3129403330733448,1.0,0.7684471921474996,2.455570943736399
2025-07-16T11:51:00.694509,8,0.5598581433296204,4.54074764251709,1.4051936864852905,1.9650518894195557,0.30946303926463964,1.0,0.7663613016593207,2.476422710724206
2025-07-16T11:51:27.119199,9,1.3622241020202637,4.746802806854248,1.466932773590088,2.8291568756103516,0.3090359463441843,1.0,0.7723199296629301,2.4991265116855064
2025-07-16T11:51:53.468361,10,0.2525496184825897,4.472029209136963,1.3619649410247803,1.6145145893096924,0.30455189340223177,1.0,0.7671222265511266,2.518855538660021
2025-07-16T11:52:24.553678,11,0.07310198992490768,4.756528854370117,1.4228639602661133,1.4959659576416016,0.29913913404298964,1.0,0.7601820241848644,2.5412322718171216
2025-07-16T11:52:45.122703,12,0.3516990542411804,4.511049747467041,1.3318564891815186,1.6835556030273438,0.2952431576361673,1.0,0.7560971944854276,2.560930446573621
2025-07-16T11:54:37.546425,2,0.40712887048721313,4.555420875549316,1.3284035921096802,1.735532522201538,0.29160939836849636,1.0,0.7526075112454454,2.5808753508633777
2025-07-16T11:55:09.969504,4,0.5461992025375366,4.635980606079102,1.3375372886657715,1.883736491203308,0.28851226553548465,1.0,0.7505434281583663,2.601426403415535
2025-07-16T11:56:03.818895,6,0.4723624885082245,5.203182697296143,1.4808080196380615,1.9531705379486084,0.2845965986302044,1.0,0.7477616187618649,2.6274439663543414
2025-07-16T11:56:32.347707,7,0.6415531635284424,4.577676773071289,1.2913556098937988,1.9329087734222412,0.28209848192319925,1.0,0.7466995342095306,2.646946294421511
2025-07-16T11:57:04.442952,8,0.7174371480941772,4.741073131561279,1.3264312744140625,2.0438685417175293,0.27977449948049815,1.0,0.7464069103483771,2.6678875627929086
2025-07-16T11:57:27.032961,9,2.5787556171417236,4.489564418792725,1.2781730890274048,3.856928825378418,0.2846986938084244,1.0,0.7647303974163107,2.6861043313529067
2025-07-16T11:57:50.589748,10,1.357421875,4.511786460876465,1.2857162952423096,2.6431381702423096,0.28496834033717255,1.0,0.7706573121921475,2.7043611526481426
2025-07-16T11:58:11.466080,11,0.727313220500946,4.496598720550537,1.2722361087799072,1.999549388885498,0.28293300842150165,1.0,0.7702238712752355,2.7222835283271665
2025-07-16T12:00:11.217333,1,0.7770312428474426,4.53466796875,1.274634599685669,2.051665782928467,0.281086655161175,1.0,0.7702919449909577,2.740407372731395
2025-07-16T12:00:33.163656,2,0.4686729907989502,4.533351421356201,1.2610245943069458,1.729697585105896,0.278166085080936,1.0,0.7672757554490376,2.7583368132176433
2025-07-16T12:00:55.172088,3,0.9751167893409729,4.5078511238098145,1.249403476715088,2.224520206451416,0.2771616492358951,1.0,0.7693541657879569,2.775831956323565
2025-07-16T12:01:27.881089,4,2.093370199203491,4.659992694854736,1.3049408197402954,3.398311138153076,0.2800306745962868,1.0,0.7825943261221122,2.7946735637088764
2025-07-16T12:01:52.905097,5,0.9325864911079407,4.519843578338623,1.2603405714035034,2.192927122116089,0.27884604724825085,1.0,0.7840942477719706,2.811925263855174
2025-07-16T12:02:14.050515,6,1.7418712377548218,5.8271260261535645,1.6272698640823364,3.369141101837158,0.2792577185863897,1.0,0.7936720176717991,2.8420772714781584
2025-07-16T12:02:41.853098,7,1.3072662353515625,4.538779258728027,1.268120527267456,2.5753867626190186,0.27939684581705415,1.0,0.7988079598485968,2.859044291350657
2025-07-16T12:03:56.066823,10,1.939643383026123,4.657100677490234,1.3115142583847046,3.251157760620117,0.2816160276809615,1.0,0.810216314080372,2.8770248552120528
2025-07-16T12:04:20.330963,11,2.016007900238037,4.499021053314209,1.2786437273025513,3.294651508331299,0.28420485615788366,1.0,0.8222742299419487,2.8932448171930747
2025-07-16T12:05:57.476854,1,1.2388548851013184,4.555686950683594,1.2938731908798218,2.5327281951904297,0.2840127737394438,1.0,0.8264400364935424,2.9098692385279796
2025-07-16T12:07:49.337025,2,1.0890790224075317,4.636843681335449,1.313313603401184,2.402392625808716,0.2832343897395272,1.0,0.8290664263526822,2.9271389829560546
2025-07-16T12:08:31.411583,4,0.32754629850387573,4.400408744812012,1.2326037883758545,1.560150146484375,0.2801112052963936,1.0,0.8240512250741941,2.941871680574614
2025-07-16T12:08:56.978342,5,1.6700451374053955,4.6387739181518555,1.3051837682724,2.975228786468506,0.28136396817636516,1.0,0.8325111641975061,2.9588407029503863
2025-07-16T12:09:21.260988,6,1.1606329679489136,4.60463809967041,1.2934907674789429,2.4541237354278564,0.28091041276292916,1.0,0.8357923822350203,2.9752986769175864
2025-07-16T12:09:44.865343,7,0.8833252787590027,4.5734429359436035,1.2785905599594116,2.1619157791137695,0.27956850411661405,1.0,0.8362677112002601,2.9912801195078464
2025-07-16T12:10:24.072769,9,0.9715002179145813,4.700820446014404,1.3088464736938477,2.280346632003784,0.2784293473811573,1.0,0.8376200362674033,3.008375522772912
2025-07-16T12:10:45.184499,10,0.9150646924972534,4.59011173248291,1.2725127935409546,2.187577486038208,0.2772291688972235,1.0,0.8383944828297019,3.024192884870012
2025-07-16T12:11:07.029287,11,1.434249758720398,4.5969929695129395,1.2768374681472778,2.711087226867676,0.27775493657693145,1.0,0.8443530355886087,3.039920885716441
2025-07-16T12:11:29.182222,12,0.24570344388484955,4.758761405944824,1.3050192594528198,1.5507227182388306,0.2742350557828026,1.0,0.8383665396715712,3.0571092909187247
2025-07-16T12:13:04.776334,2,0.08310255408287048,4.459784984588623,1.206475853919983,1.2895784378051758,0.27052331259978174,1.0,0.8308138998156841,3.0711360478554237
2025-07-16T12:13:30.127562,3,1.0013712644577026,4.557435512542725,1.2294734716415405,2.230844736099243,0.26977308135822403,1.0,0.8325194734621043,3.0859990425022965
2025-07-16T12:14:22.468148,5,0.6845049858093262,4.734015464782715,1.268067479133606,1.9525724649429321,0.2678629800662455,1.0,0.8310393285855766,3.102479206725101
2025-07-16T12:15:30.243903,8,1.6026697158813477,4.596257209777832,1.2366445064544678,2.8393142223358154,0.2690546799903406,1.0,0.8387556324585342,3.1174169867556283
2025-07-16T12:15:57.384038,9,1.8111239671707153,4.573574066162109,1.239019751548767,3.0501437187194824,0.2709084042262348,1.0,0.848479315805656,3.131978557549693
2025-07-16T12:16:48.416023,11,0.931824803352356,4.752572059631348,1.282142162322998,2.2139668464660645,0.2697785882586153,1.0,0.849312770681123,3.1481844925705094
2025-07-16T12:17:17.958895,12,1.6277565956115723,4.758803844451904,1.2889957427978516,2.916752338409424,0.27086550865560327,1.0,0.8570972089304275,3.1642906860893234
2025-07-16T12:18:56.422898,2,1.3046571016311646,4.586793899536133,1.243302583694458,2.547959804534912,0.27106136370729755,1.0,0.861572807857435,3.1785157182237915
2025-07-16T12:19:46.356793,4,0.9445902705192566,4.654962062835693,1.257156491279602,2.201746702194214,0.2700680587734657,1.0,0.8624029824840531,3.1932801816699103
2025-07-16T12:20:13.704184,5,1.6563217639923096,4.55416202545166,1.2359888553619385,2.892310619354248,0.2713976590882696,1.0,0.8703421702991356,3.206889000107728
2025-07-16T12:21:00.173361,7,1.0864624977111816,4.511826515197754,1.2225650548934937,2.309027671813965,0.2709689656074509,1.0,0.8725033735732561,3.219938375258628
2025-07-16T12:21:19.519883,8,15.995328903198242,4.541110038757324,1.4378787279129028,17.433208465576172,0.31663597315507236,1.0,1.0237316288695062,3.233150091893615
2025-07-16T12:21:45.455159,9,1.2262061834335327,4.570966720581055,1.4442191123962402,2.6704254150390625,0.315954856906276,1.0,1.0257563744151466,3.2465282581804895
2025-07-16T12:22:32.920042,11,0.5997040867805481,4.658898830413818,1.4595381021499634,2.0592422485351562,0.3132796323295201,1.0,1.0214958515388004,3.260651963902823
2025-07-16T12:23:03.326085,12,0.8922603726387024,4.559212684631348,1.4208428859710693,2.313103199005127,0.3116421630288844,1.0,1.0202034967497993,3.2736375711101084
2025-07-16T12:24:30.625088,1,0.46390748023986816,4.474433422088623,1.3817503452301025,1.8456578254699707,0.30881010271792153,1.0,1.0146405365847,3.2856455296198934
2025-07-16T12:24:58.005610,2,0.8363251090049744,4.836820602416992,1.4840278625488281,2.3203530311584473,0.3068188799335191,1.0,1.0128573823089027,3.3011572803478644
2025-07-16T12:25:19.863009,4,0.5401625037193298,4.637124061584473,1.4104094505310059,1.9505720138549805,0.3041560644428213,1.0,1.008130433523007,3.3145169481602306
2025-07-16T12:26:25.583110,7,0.804515540599823,4.593355655670166,1.3889163732528687,2.193431854248047,0.3023750994282784,1.0,1.006094284593775,3.32730533523533
2025-07-16T12:26:52.670253,8,0.8509422540664673,4.545501708984375,1.3673208951950073,2.2182631492614746,0.3008074807140038,1.0,1.004542764288502,3.3394872989728204
2025-07-16T12:27:18.422447,9,1.6733285188674927,4.898681163787842,1.4764766693115234,3.1498050689697266,0.3014029020480927,1.0,1.011230621834292,3.3550792376209704
2025-07-16T12:27:46.048335,10,0.416231244802475,4.704161167144775,1.4038604497909546,1.820091724395752,0.2984294843492058,1.0,1.0052806280639737,3.3685700569162083
2025-07-16T12:28:03.825744,11,1.5614827871322632,4.817460060119629,1.4394352436065674,3.000917911529541,0.2987954568721301,1.0,1.0108426496546565,3.3830589569482425
2025-07-16T12:29:37.511713,1,1.1872937679290771,4.549178123474121,1.3569691181182861,2.5442628860473633,0.2982888466573863,1.0,1.0126071608374008,3.394720148613501
2025-07-16T12:29:59.019409,2,1.3770610094070435,4.529448509216309,1.3514294624328613,2.7284903526306152,0.2983651135988274,1.0,1.0162516993230972,3.4060674322195292
2025-07-16T12:30:20.285326,3,0.9383769035339355,4.457423210144043,1.3248310089111328,2.2632079124450684,0.297219047745559,1.0,1.0154729513652057,3.4165809899987747
2025-07-16T12:31:25.480130,6,1.2027575969696045,4.785268306732178,1.41921067237854,2.6219682693481445,0.2965791114389698,1.0,1.0173457978212495,3.430267863166109
2025-07-16T12:32:29.895504,9,1.8367890119552612,4.601266860961914,1.3709514141082764,3.207740306854248,0.2979508499876905,1.0,1.0255402299625895,3.4419778531440675
2025-07-16T12:32:54.405688,10,0.6438926458358765,5.98348331451416,1.7631306648254395,2.4070234298706055,0.2946662747358994,1.0,1.0217237541213224,3.4673929077577683
2025-07-16T12:33:20.449042,11,0.6225793361663818,6.022274494171143,1.7546995878219604,2.3772788047790527,0.2913682470410022,1.0,1.017732309941773,3.492941723621902
2025-07-16T12:33:45.730203,12,1.0245378017425537,4.690720081329346,1.3621472120285034,2.3866848945617676,0.2903919362100433,1.0,1.0178003648597809,3.5049195071989767
2025-07-16T12:35:58.734619,1,2.716118574142456,4.7982354164123535,1.4114108085632324,4.127529144287109,0.2941520416493351,1.0,1.0347835469526077,3.5178526662911103
2025-07-16T12:36:16.350675,2,2.3377490043640137,4.795547962188721,1.4232131242752075,3.7609620094299316,0.29677800040138436,1.0,1.0478132015267216,3.530629619250086
2025-07-16T12:36:38.531652,3,0.645933210849762,4.5481390953063965,1.3407466411590576,1.9866797924041748,0.294790162965455,1.0,1.043794401619952,3.540804714010649
2025-07-16T12:36:57.809745,4,1.0627635717391968,4.434051513671875,1.3040626049041748,2.366826057434082,0.29410179876747594,1.0,1.0439840933211446,3.549737182007261
2025-07-16T12:37:15.647704,5,0.07759201526641846,4.502708911895752,1.3084837198257446,1.386075735092163,0.2905992157644145,1.0,1.0343201725405975,3.559266899306146
2025-07-16T12:37:39.200903,6,0.5937945246696472,4.6655497550964355,1.345847487449646,1.9396419525146484,0.2884649294824055,1.0,1.0299149160618881,3.5703297278640487
2025-07-16T12:38:12.884673,8,0.8108134865760803,4.775828838348389,1.3701022863388062,2.1809158325195312,0.2868826157772387,1.0,1.02772390176703,3.5823847189688918
2025-07-16T12:38:31.872436,9,0.08481733500957489,4.673752784729004,1.324481725692749,1.4092990159988403,0.2833872169846597,1.0,1.0182948360994555,3.593298399626493
2025-07-16T12:38:52.940598,10,0.35011211037635803,4.645133018493652,1.3039168119430542,1.6540288925170898,0.2807060062667928,1.0,1.0116130088422246,3.603816745815165
2025-07-16T12:40:56.536366,1,1.041870355606079,4.498166561126709,1.2599133253097534,2.301783561706543,0.28009486131784367,1.0,1.0119155823098631,3.61276024396828
2025-07-16T12:41:14.173182,2,1.5971832275390625,4.595001697540283,1.2909704446792603,2.888153553009033,0.2809510097895041,1.0,1.017768258762155,3.6225826585039997
2025-07-16T12:41:58.603633,4,0.5604543089866638,4.500446319580078,1.2556806802749634,1.8161349296569824,0.2790124788291702,1.0,1.0131951192644,3.6313612951147607
2025-07-16T12:42:21.598861,5,0.4153703451156616,4.404047966003418,1.2189403772354126,1.6343107223510742,0.27677726506367345,1.0,1.0072168715229124,3.6390881618236475
2025-07-16T12:43:04.176826,7,0.7783637642860413,4.731094837188721,1.3025754690170288,2.080939292907715,0.275322211558143,1.0,1.0049283404505438,3.650008228577298
2025-07-16T12:43:33.771004,8,1.410975456237793,4.8208723068237305,1.3283950090408325,2.739370346069336,0.2755507443232023,1.0,1.0089888116084162,3.6617168693597626
2025-07-16T12:43:56.733952,9,0.5626970529556274,4.564376354217529,1.249075174331665,1.8117722272872925,0.2736573397405636,1.0,1.0045258940218884,3.67074346420834
2025-07-16T12:44:24.143034,10,1.4149956703186035,4.490480422973633,1.231124997138977,2.646120548248291,0.27416330803083355,1.0,1.0086305917848555,3.678940833795993
2025-07-16T12:44:54.235041,11,1.2145040035247803,4.649051189422607,1.2738417387008667,2.4883456230163574,0.2740003883076092,1.0,1.0106893259022547,3.688641937352259
2025-07-16T12:45:13.203078,12,0.8479809165000916,4.521324157714844,1.2340644598007202,2.082045316696167,0.27294313387706853,1.0,1.0090622418082331,3.696968759555885
2025-07-16T12:46:53.350169,1,0.24292400479316711,4.473341941833496,1.2091584205627441,1.4520823955535889,0.27030314849059306,1.0,1.0014008594380825,3.7047324913786612
2025-07-16T12:47:17.441357,2,0.9939473271369934,5.801114082336426,1.5591201782226562,2.553067445755005,0.26876219606752344,1.0,1.0013263241150716,3.7256963072882385
2025-07-16T12:48:10.327940,4,1.0036418437957764,6.062731742858887,1.6193132400512695,2.622955083847046,0.2670930039429767,1.0,1.0013494793118787,3.749066661643945
2025-07-16T12:48:39.612308,5,0.8336577415466309,4.484822750091553,1.193516492843628,2.027174234390259,0.266123446142651,1.0,0.9996725619342263,3.756424222528421
2025-07-16T12:49:13.438751,6,0.5110831260681152,4.558928489685059,1.204734206199646,1.7158173322677612,0.26425822075201605,1.0,0.9947866675755651,3.7644492651999872
2025-07-16T12:49:34.696943,7,1.031062126159668,4.487423896789551,1.1839971542358398,2.215059280395508,0.2638478556856208,1.0,0.9951494221614061,3.7716790115158827
2025-07-16T12:49:51.763515,8,0.7997943758964539,4.615355968475342,1.2126487493515015,2.0124430656433105,0.2627421821418745,1.0,0.9931958716987566,3.7801157810854775
2025-07-16T12:50:31.339135,10,1.3692885637283325,4.555936813354492,1.1991084814071655,2.568397045135498,0.263196927418501,1.0,0.9969567986190523,3.7878739914081674
2025-07-16T12:50:53.582062,11,0.7024681568145752,6.062731742858887,1.5814812183380127,2.283949375152588,0.2608528899448318,1.0,0.9940119122010075,3.8106225689226747
2025-07-16T12:51:20.548246,12,0.28257501125335693,4.698752403259277,1.214081048965454,1.496656060218811,0.25838369979557174,1.0,0.986897543191531,3.819503867266041
2025-07-16T12:51:41.476216,13,1.0034511089324951,4.873316287994385,1.2559316158294678,2.259382724761963,0.25771599331527995,1.0,0.9870630788489406,3.8300419914733244
2025-07-16T12:52:07.743403,14,1.8130367994308472,4.656907081604004,1.2075952291488647,3.020632028579712,0.2593127305730159,1.0,0.9953228160547597,3.838310642374631
2025-07-16T12:52:27.271444,15,1.1450484991073608,4.411981105804443,1.1440939903259277,2.289142608642578,0.25931524258351385,1.0,0.9968200728852857,3.8440473470089294
2025-07-16T12:52:52.122829,16,0.7343734502792358,4.455482482910156,1.1505025625228882,1.884876012802124,0.2582217792303218,1.0,0.9941956066592252,3.8501616983679416
2025-07-16T12:54:13.506021,20,0.2825165390968323,4.588210582733154,1.1740442514419556,1.4565608501434326,0.2558828304450193,1.0,0.9870788159836014,3.857542187211594
2025-07-16T12:54:35.169308,21,1.5590131282806396,4.610610008239746,1.1842998266220093,2.7433128356933594,0.25686402070703707,1.0,0.9927981591065718,3.865072865421875
2025-07-16T12:54:58.815458,22,1.3140558004379272,4.439299583435059,1.142289161682129,2.4563450813293457,0.2573129170023747,1.0,0.9960107355198854,3.870815132602007
2025-07-16T12:55:22.089298,23,1.8346645832061768,5.651473522186279,1.4597266912460327,3.29439115524292,0.25829132907235064,1.0,1.0043972739967484,3.88862171649785
2025-07-16T12:55:53.993887,24,0.5695392489433289,4.606334209442139,1.182442545890808,1.7519817352294922,0.25669926294573175,1.0,1.0000486937462143,3.895798841427293
2025-07-16T12:56:22.332039,26,2.3515636920928955,4.41903018951416,1.148150086402893,3.499713897705078,0.25981946846444703,1.0,1.0135638437296812,3.9010311549081615
2025-07-16T12:56:46.234187,27,1.216012716293335,5.449324607849121,1.4130603075027466,2.629073143005371,0.25930924967209,1.0,1.0155883324553179,3.916514089437571
2025-07-16T12:57:10.183081,28,29.420665740966797,4.62595796585083,1.5322823524475098,30.95294761657715,0.33123567091025163,1.0,1.299639106540433,3.9236085282017035
2025-07-16T12:57:55.376622,30,0.7609617710113525,4.499648571014404,1.4820904731750488,2.2430522441864014,0.32937918362953406,1.0,1.294252333185142,3.92936892862983
2025-07-16T12:58:36.975860,32,1.1349767446517944,4.449746608734131,1.4619141817092896,2.596890926361084,0.3285387437955255,1.0,1.2926595772998086,3.934572705430873
2025-07-16T12:59:07.086074,34,1.0289868116378784,4.633564472198486,1.5165061950683594,2.5454931259155273,0.3272871624087511,1.0,1.2900228496431894,3.941562623098549
2025-07-16T13:00:13.014740,37,0.6881199479103088,4.462076187133789,1.4516493082046509,2.1397693157196045,0.32533047188538644,1.0,1.2840038206258606,3.9467677587389014
2025-07-16T13:00:38.413622,38,0.6649178266525269,5.255334854125977,1.6958544254302979,2.360772132873535,0.3226919834652434,1.0,1.2778129606861273,3.9598534296927723
2025-07-16T13:01:00.409955,39,1.3119407892227173,4.521324157714844,1.4573184251785278,2.769259214401245,0.3223211463562409,1.0,1.2781542389714933,3.965468136972993
2025-07-16T13:01:18.991197,40,0.6579889059066772,4.666571617126465,1.494194746017456,2.1521835327148438,0.32019112686014306,1.0,1.2719525856408451,3.972479171774528
2025-07-16T13:01:40.810364,41,1.0653043985366821,4.456664085388184,1.4229315519332886,2.4882359504699707,0.3192817712979646,1.0,1.2698861037698035,3.9773210209106646
2025-07-16T13:02:02.106442,42,1.0931891202926636,4.557040691375732,1.4508408308029175,2.544029951095581,0.3183734605573715,1.0,1.268119133935032,3.9831182176153153
2025-07-16T13:03:13.367692,45,0.8325479626655579,4.452201843261719,1.4109325408935547,2.2434804439544678,0.316906702898996,1.0,1.2637634222223373,3.9878090538717794
2025-07-16T13:03:33.144729,46,0.5609760880470276,4.453145980834961,1.4017481803894043,1.962724208831787,0.31477705048604304,1.0,1.2567355488805843,3.9924624231414114
2025-07-16T13:03:59.040324,47,1.3387256860733032,4.773408889770508,1.5006046295166016,2.8393301963806152,0.3143674936050468,1.0,1.2575554502525113,4.000271887807703
2025-07-16T13:04:35.240268,49,0.5762417316436768,4.632089138031006,1.4460052251815796,2.022246837615967,0.31217127061108846,1.0,1.2507423130664228,4.006590060309936
2025-07-16T13:04:56.524163,50,1.2651265859603882,4.469480037689209,1.3937934637069702,2.6589200496673584,0.31184688872002714,1.0,1.2508861557953623,4.0112189600837285
2025-07-16T13:06:22.400281,1,1.5845211744308472,4.944455146789551,1.542436957359314,3.126958131790161,0.3119528647761758,1.0,1.2542225059817171,4.020551321950786
2025-07-16T13:07:04.092099,3,1.0024207830429077,4.59718132019043,1.4291750192642212,2.431595802307129,0.31088071115525473,1.0,1.251704488752329,4.026317621933183
2025-07-16T13:07:15.615935,4,1.217986822128296,4.47177791595459,1.3882790803909302,2.6062660217285156,0.3104534910852865,1.0,1.2513673120860886,4.030772224873397
2025-07-16T13:07:30.908522,5,0.9336314797401428,4.7982354164123535,1.483022928237915,2.416654348373413,0.30907673046968687,1.0,1.2481899537626293,4.038446856788787
2025-07-16T13:07:55.691523,6,1.322003960609436,4.530361175537109,1.399352788925171,2.7213568687438965,0.308883264772369,1.0,1.2489280938310974,4.04336599997627
2025-07-16T13:08:25.466015,7,0.9171188473701477,4.52803897857666,1.39324951171875,2.310368299484253,0.30769380994528334,1.0,1.245610001366488,4.048212729762274
2025-07-16T13:09:10.062442,9,0.7921323776245117,4.540777206420898,1.3903907537460327,2.182523250579834,0.30620104901089673,1.0,1.2410752251290682,4.05313837452886
2025-07-16T13:09:29.961348,10,1.441100835800171,4.928045272827148,1.508149266242981,2.9492502212524414,0.3060339547717001,1.0,1.2430754812357794,4.061887443511843
2025-07-16T13:10:08.586290,12,1.282895565032959,4.488513946533203,1.3726359605789185,2.655531406402588,0.3058107902815848,1.0,1.243473682073751,4.066153708542057
2025-07-16T13:10:39.806552,13,1.7143886089324951,5.28561544418335,1.6176681518554688,3.332056760787964,0.30605106002240506,1.0,1.2481828313423384,4.07834832589847
2025-07-16T13:11:06.505309,14,0.6247191429138184,4.54074764251709,1.3811930418014526,2.0059123039245605,0.3041774703240675,1.0,1.2419481944580533,4.082972319064656
2025-07-16T13:11:26.621375,15,0.9274168610572815,4.456664085388184,1.3509471416473389,2.2783639430999756,0.3031296836485049,1.0,1.2388028811240455,4.086709236727891
2025-07-16T13:11:45.166366,16,1.3555998802185059,4.757289409637451,1.4410706758499146,2.796670436859131,0.3029184278741529,1.0,1.23997085111499,4.093415038456987
2025-07-16T13:12:07.085748,17,0.808938205242157,4.510598182678223,1.360207438468933,2.1691455841064453,0.3015581025793061,1.0,1.2356605246562615,4.0975868698991995
2025-07-16T13:13:02.374685,20,2.1761837005615234,4.967727184295654,1.5062623023986816,3.682446002960205,0.3032095339133368,1.0,1.245065756415314,4.106288273043164
2025-07-16T13:13:44.583858,22,1.1197367906570435,4.828919410705566,1.4601309299468994,2.5798678398132324,0.302372202214873,1.0,1.2438124667577313,4.113514584419788
2025-07-16T13:14:04.735323,23,0.1749144047498703,4.963428497314453,1.4848374128341675,1.6597517728805542,0.2991555986583356,1.0,1.2331234861376525,4.122013723548735
2025-07-16T13:14:44.705024,25,0.8185136914253235,4.597568988800049,1.3691843748092651,2.1876981258392334,0.2978061778980189,1.0,1.2289773881905293,4.126769276201248
2025-07-16T13:15:04.667725,26,0.864986002445221,4.963428497314453,1.4707798957824707,2.335765838623047,0.29632338824220816,1.0,1.2253374743330763,4.13513586841238
2025-07-16T13:15:47.904023,28,1.6164264678955078,5.245131015777588,1.5550414323806763,3.1714677810668945,0.2964733350207166,1.0,1.2292483642687004,4.146235819886032
2025-07-16T13:16:09.982141,29,1.2661124467849731,5.272215843200684,1.5593055486679077,2.825417995452881,0.2957590613411216,1.0,1.2296170050938633,4.157495620119179
2025-07-16T13:16:48.106985,31,1.298478364944458,4.642418384552002,1.3722057342529297,2.6706840991973877,0.2955799340839412,1.0,1.230305618692369,4.162344847763507
2025-07-16T13:17:02.286461,32,1.8521960973739624,4.4278106689453125,1.314549207687378,3.166745185852051,0.29688467399248325,1.0,1.236524523479185,4.1649995059753255
2025-07-16T13:17:22.688279,33,1.8129760026931763,4.6182780265808105,1.375990390777588,3.1889662742614746,0.29794445720431023,1.0,1.242289038271325,4.169532291181381
2025-07-16T13:17:45.320914,34,1.1774616241455078,4.777032852172852,1.420478105545044,2.5979397296905518,0.29735573125150827,1.0,1.2416407641300669,4.175607296791296
2025-07-16T13:17:59.036834,35,0.7181419730186462,4.57359504699707,1.3529611825942993,2.071103096008301,0.2958200706675755,1.0,1.2364057762189526,4.179587174293354
2025-07-16T13:18:30.644387,37,0.7117540240287781,4.473405838012695,1.3167822360992432,2.028536319732666,0.2943578698300011,1.0,1.231159258697051,4.182525360930547
2025-07-16T13:18:51.609126,38,0.46289941668510437,4.588144779205322,1.3408286571502686,1.8037281036376953,0.29223762662888014,1.0,1.2234766602769316,4.186581555113294
2025-07-16T13:19:14.765159,39,1.1104103326797485,4.757289409637451,1.3870832920074463,2.4974937438964844,0.2915700947380952,1.0,1.2223459970009598,4.192288633658536
2025-07-16T13:19:48.843078,40,1.0268592834472656,4.959437370300293,1.441074013710022,2.467933177947998,0.29057207492291126,1.0,1.2203911298654229,4.1999601210249535
2025-07-16T13:20:08.696627,41,0.9293925762176514,4.593667984008789,1.3303617238998413,2.259754180908203,0.289607733874378,1.0,1.217481144328945,4.203897199654792
2025-07-16T13:20:38.526042,43,0.7934666872024536,4.702439308166504,1.3555123805999756,2.1489791870117188,0.288257265930078,1.0,1.2132409997576803,4.208882620739909
2025-07-16T13:21:03.543267,44,1.1155726909637451,4.452089309692383,1.2815734148025513,2.397146224975586,0.2878588763153058,1.0,1.2122643166697409,4.211314687629434
2025-07-16T13:21:25.609824,45,0.5130303502082825,4.602250099182129,1.315935492515564,1.8289659023284912,0.28593307549243663,1.0,1.2052719770051263,4.2152240417449605
2025-07-16T13:21:47.007061,46,0.6374062299728394,4.40279483795166,1.2524160146713257,1.889822244644165,0.28445931751402104,1.0,1.1995933195348034,4.217099749707028
2025-07-16T13:22:09.083298,47,1.01419198513031,4.509527206420898,1.2799068689346313,2.2940988540649414,0.2838228636763597,1.0,1.1977393061907584,4.220024024274167
2025-07-16T13:22:28.287231,48,1.165596842765808,4.514419078826904,1.28005850315094,2.445655345916748,0.28354888927902544,1.0,1.1974178815565089,4.222967974819695
2025-07-16T13:22:47.980997,49,1.0907506942749023,5.321280002593994,1.5035884380340576,2.59433913230896,0.282561413674181,1.0,1.1963512096836928,4.233951095097438
2025-07-16T13:24:27.449629,1,1.228676199913025,4.6119303703308105,1.3023431301116943,2.5310192108154297,0.282385665449682,1.0,1.1966744595859862,4.2377308878497715
2025-07-16T13:24:48.699126,3,1.1825659275054932,6.022274494171143,1.6932729482650757,2.8758387565612793,0.28116834956758346,1.0,1.1965333742651814,4.255576323912985
2025-07-16T13:25:02.884447,4,1.4828054904937744,4.606398105621338,1.297202706336975,2.780008316040039,0.28160889525902105,1.0,1.1993960954274674,4.2590845417300685
2025-07-16T13:25:20.113943,5,0.7892091274261475,4.573574066162109,1.2826073169708252,2.0718164443969727,0.2804387329724711,1.0,1.1952942257474541,4.26222943697439
2025-07-16T13:25:39.676388,6,1.185166597366333,4.736784934997559,1.3267881870269775,2.5119547843933105,0.2801031055762332,1.0,1.195192949463643,4.266974991954621
2025-07-16T13:26:22.336329,8,1.3475371599197388,4.539398193359375,1.2723078727722168,2.619844913482666,0.28028119218501973,1.0,1.196716391568204,4.269699223968669
2025-07-16T13:26:47.351675,9,0.6748045682907104,4.602521896362305,1.2833739519119263,1.9581785202026367,0.2788414734742431,1.0,1.1914972733354292,4.273027450692605
2025-07-16T13:27:08.696889,10,0.8281388282775879,4.418302536010742,1.227831482887268,2.0559701919555664,0.2778966400818316,1.0,1.1878636888848508,4.274480201545786
2025-07-16T13:27:33.002503,11,0.8260902166366577,4.486367225646973,1.2423335313796997,2.0684237480163574,0.27691301698254617,1.0,1.1842459541623689,4.276599071786798
2025-07-16T13:27:49.123572,12,0.8089324831962585,5.957225322723389,1.6379681825637817,2.4469006061553955,0.2749548958895776,1.0,1.1804928194527078,4.293405334296164
2025-07-16T13:28:08.694831,13,1.1925944089889526,4.668233871459961,1.2825655937194824,2.4751601219177246,0.27474322239657495,1.0,1.1806138353480702,4.297153619667802
2025-07-16T13:28:22.526614,14,1.1599217653274536,4.579404830932617,1.257114291191101,2.4170360565185547,0.2745147590886642,1.0,1.1804069146478642,4.299976131780451
2025-07-16T13:29:07.794342,16,1.100038766860962,4.526557922363281,1.2411069869995117,2.3411457538604736,0.2741833779279146,1.0,1.179603233169995,4.302241949686279
2025-07-16T13:29:23.778505,17,0.10070518404245377,4.579799175262451,1.2434176206588745,1.3441227674484253,0.2715004628916005,1.0,1.1688142526787197,4.305017521942041
2025-07-16T13:29:48.331405,18,1.4770290851593018,4.629150390625,1.2591826915740967,2.7362117767333984,0.2720116035071452,1.0,1.1718964010035255,4.308258850628871
2025-07-16T13:30:10.183526,19,1.4723660945892334,4.850337028503418,1.321068525314331,2.7934346199035645,0.27236633114545084,1.0,1.1749010979393826,4.313679632407616
2025-07-16T13:30:35.159382,20,1.5051631927490234,5.072880268096924,1.3831313848495483,2.8882946968078613,0.2726520836116235,1.0,1.178203718887479,4.321271638764508
2025-07-16T13:30:54.732258,21,1.2184282541275024,4.463662147521973,1.217041254043579,2.435469627380371,0.2726553257236884,1.0,1.1786059642398792,4.322695543852083
2025-07-16T13:31:15.481480,22,1.1861790418624878,4.6259260177612305,1.260480284690857,2.4466593265533447,0.27248170332194327,1.0,1.1786816950161052,4.325727848591174
2025-07-16T13:31:35.947337,23,0.8284643888473511,4.489340782165527,1.2191674709320068,2.0476317405700684,0.2715693723091233,1.0,1.1751795219544177,4.327363977926917
2025-07-16T13:31:58.037946,24,1.2926751375198364,4.694136619567871,1.274977684020996,2.567652702331543,0.27161068209550876,1.0,1.1763544781100717,4.331031704343327
2025-07-16T13:32:18.807497,25,2.363873243331909,4.8187947273254395,1.3205615282058716,3.6844348907470703,0.27404393665413834,1.0,1.1882296657622902,4.335909334573148
2025-07-16T13:34:05.247567,31,0.11448581516742706,4.4008283615112305,1.1949431896209717,1.3094290494918823,0.27152688423219895,1.0,1.1774922272563415,4.336558524842529
2025-07-16T13:34:23.828263,32,1.2751924991607666,4.4394755363464355,1.2061508893966675,2.4813432693481445,0.2716877006610092,1.0,1.1784692299753858,4.337587694957568
2025-07-16T13:34:49.753935,33,0.7712132334709167,4.617349624633789,1.2493361234664917,2.0205492973327637,0.2705742882890473,1.0,1.1743966700103412,4.3403853142543305
2025-07-16T13:35:30.114404,35,0.9733597040176392,4.679059028625488,1.2628803253173828,2.2362399101257324,0.26990051130194015,1.0,1.1723863003504142,4.343772051398043
2025-07-16T13:35:52.852352,36,1.6948308944702148,4.6580352783203125,1.2618955373764038,2.956726551055908,0.2709072593504529,1.0,1.1776107462916123,4.346914683667265
2025-07-16T13:36:05.995035,37,0.5669839382171631,4.456664085388184,1.2007790803909302,1.7677630186080933,0.26943449733859887,1.0,1.171504478210868,4.348012177684474
2025-07-16T13:36:25.443588,38,1.321893334388733,4.6363019943237305,1.2499544620513916,2.571847915649414,0.2696016207302437,1.0,1.1730083667726465,4.350895075850867
2025-07-16T13:36:48.630154,39,0.7608448266983032,4.521945953369141,1.2143628597259521,1.9752076864242554,0.2685487361444075,1.0,1.1688867313719031,4.35260558462605
2025-07-16T13:37:12.734292,40,0.6207793951034546,4.672698497772217,1.2480453252792358,1.8688247203826904,0.2670930519213267,1.0,1.1634056580092187,4.3558065137575115
2025-07-16T13:37:40.297543,41,1.4136680364608765,4.863571643829346,1.3003047704696655,2.713972806930542,0.2673559386103547,1.0,1.1659082817937354,4.36088416505823
2025-07-16T13:38:11.796417,43,0.7514569759368896,5.083528518676758,1.3520398139953613,2.103496789932251,0.26596482327844595,1.0,1.161763768735167,4.3681106085944155
2025-07-16T13:38:55.910432,46,1.0196269750595093,4.6207380294799805,1.2267407178878784,2.2463676929473877,0.26548588438198567,1.0,1.1603424007984104,4.370636882803272
2025-07-16T13:39:16.813724,47,1.1407278776168823,4.677168846130371,1.2406423091888428,2.3813700675964355,0.26525497146736243,1.0,1.1601462555665951,4.373702202436543
2025-07-16T13:39:34.695466,48,1.7159899473190308,4.700541019439697,1.251880168914795,2.9678702354431152,0.26632682712618,1.0,1.1657046924841195,4.376970590606574
2025-07-16T13:39:51.083267,49,0.9700519442558289,4.568439483642578,1.2141246795654297,2.1841766834259033,0.26576356493798514,1.0,1.1637481650018366,4.3788852795369335
2025-07-16T13:40:11.990963,50,0.5348057150840759,4.516698837280273,1.193510890007019,1.7283165454864502,0.26424409405752536,1.0,1.157458740502659,4.380263415114367
2025-07-16T13:42:35.988991,1,2.2714715003967285,4.557433605194092,1.2153741121292114,3.4868454933166504,0.26667948435584404,1.0,1.1685988681015997,4.382035117015165
2025-07-16T13:42:59.460415,2,0.7761729955673218,4.7010931968688965,1.2485660314559937,2.0247390270233154,0.26559057320607493,1.0,1.1646746093762568,4.385225697813702
2025-07-16T13:43:20.675542,3,1.5181924104690552,4.6119303703308105,1.2279683351516724,2.7461607456207275,0.26625908069675297,1.0,1.1682097873871848,4.387492744538873
2025-07-16T13:43:41.540966,4,1.2743268013000488,4.523640155792236,1.2051804065704346,2.4795072078704834,0.26641827151447756,1.0,1.1692709575263134,4.388854218651407
2025-07-16T13:44:00.516188,5,0.6555213332176208,4.7120771408081055,1.2489478588104248,1.9044692516326904,0.26505249212398246,1.0,1.1641334612832264,4.392086447872973
2025-07-16T13:44:25.122950,6,0.8800259828567505,4.4085211753845215,1.165594220161438,2.0456202030181885,0.2643957364952449,1.0,1.1612923864989615,4.392250795148089
2025-07-16T13:44:46.178664,7,0.7064841389656067,4.427768230438232,1.1660038232803345,1.872488021850586,0.263338963117069,1.0,1.156744304023628,4.39260596950099
2025-07-16T13:45:38.033992,9,1.398131251335144,4.7790069580078125,1.2600165605545044,2.6581478118896484,0.26365656453818137,1.0,1.159158173496743,4.396469979386059
2025-07-16T13:45:56.567834,10,0.8399596810340881,4.542098522186279,1.1938608884811401,2.033820629119873,0.262843466747516,1.0,1.1559661885721166,4.397926264814061
2025-07-16T13:46:20.620394,11,1.4917478561401367,4.526919841766357,1.1929776668548584,2.684725522994995,0.26352967204901373,1.0,1.1593240052477969,4.399216200583584
2025-07-16T13:46:44.355676,12,1.3043359518051147,4.753683090209961,1.2532936334609985,2.5576295852661133,0.26364686988190605,1.0,1.16077412471337,4.402760869479849
2025-07-16T13:47:20.890225,14,1.0573110580444336,4.657100677490234,1.2260273694992065,2.2833385467529297,0.2632597934163691,1.0,1.1597394940466805,4.405304267559953
2025-07-16T13:47:36.702239,15,1.9160950183868408,4.94480562210083,1.3086557388305664,3.2247507572174072,0.26465260319243966,1.0,1.167303049290082,4.410699281105361
2025-07-16T13:47:55.028692,16,0.5688549280166626,4.738966464996338,1.2468218803405762,1.8156768083572388,0.2630999804318888,1.0,1.1613185680773477,4.413981952944271
2025-07-16T13:48:22.902180,17,1.7904150485992432,4.674530029296875,1.2358015775680542,3.026216506958008,0.26436916460151405,1.0,1.1676095328825666,4.416587433707797
2025-07-16T13:48:46.104351,18,1.3639994859695435,4.590004920959473,1.215019702911377,2.579019069671631,0.26470989062793515,1.0,1.1695734324134364,4.418321608580314
2025-07-16T13:49:07.099774,19,3.220898389816284,4.443516731262207,1.1968047618865967,4.417703151702881,0.2693373015489728,1.0,1.190086681987465,4.418573559807133
2025-07-16T13:49:29.520663,20,1.4148679971694946,4.826713562011719,1.3012675046920776,2.7161355018615723,0.269596996210025,1.0,1.1923344951392854,4.422654959829179
2025-07-16T13:50:08.536069,22,0.993542492389679,4.526649475097656,1.2180500030517578,2.211592435836792,0.269084237947876,1.0,1.1903465751117892,4.423694904981865
2025-07-16T13:50:29.364370,23,0.7749826908111572,4.825625419616699,1.292794108390808,2.067776679992676,0.26790187381028274,1.0,1.1861929362687829,4.4277142101282125
2025-07-16T13:50:53.464610,24,1.5361757278442383,4.779881477355957,1.2832967042922974,2.819472312927246,0.2684787704751744,1.0,1.1896927641845374,4.4312358828004905
2025-07-16T13:51:15.153311,25,1.950477957725525,4.650824546813965,1.2560101747512817,3.2064881324768066,0.2700618111847913,1.0,1.197300616119947,4.433431769440625
2025-07-16T13:51:32.877898,26,1.7640236616134644,4.5543107986450195,1.2354302406311035,2.9994540214538574,0.27126614381904685,1.0,1.202967846574882,4.434640559732669
2025-07-16T13:51:57.279740,27,1.0202698707580566,4.592033863067627,1.2433302402496338,2.2636001110076904,0.2707580677327014,1.0,1.2011408668167138,4.436214492766019
2025-07-16T13:52:21.122161,28,1.5612386465072632,4.738491058349609,1.2859547138214111,2.8471932411193848,0.2713848735194783,1.0,1.2047418446136193,4.439237258421854
2025-07-16T13:52:42.154777,29,1.0481220483779907,4.388377666473389,1.1895273923873901,2.237649440765381,0.2710631208672107,1.0,1.203175646651263,4.438728662502369
2025-07-16T13:53:48.822319,32,1.463220238685608,4.483395576477051,1.217787265777588,2.6810073852539062,0.27162164135773303,1.0,1.2057760925716066,4.439175331642115
2025-07-16T13:54:05.021123,33,1.5963891744613647,4.669914245605469,1.271897792816162,2.8682870864868164,0.27235999703585184,1.0,1.2096822233905042,4.441482720781749
2025-07-16T13:54:29.130974,35,1.374266505241394,4.64491081237793,1.2662291526794434,2.640495777130127,0.2726057001740177,1.0,1.2113280662090131,4.44351700169771
2025-07-16T13:54:43.443105,36,0.7680689692497253,4.454673767089844,1.209895372390747,1.9779644012451172,0.27160133969061795,1.0,1.2068954752394203,4.443628569351631
2025-07-16T13:54:56.674495,37,1.2784541845321655,5.27108907699585,1.4298211336135864,2.708275318145752,0.27125726061526806,1.0,1.2076110623323477,4.4519031744280735
2025-07-16T13:55:20.524019,39,0.10073618590831757,4.798056125640869,1.2885762453079224,1.3893123865127563,0.26856214707278553,1.0,1.1965423135681073,4.455364703940201
2025-07-16T13:56:01.559029,41,1.0464838743209839,4.480915546417236,1.2018262147903442,2.248310089111328,0.2682099616967191,1.0,1.195041729175636,4.455620212364971
2025-07-16T13:56:45.600265,43,1.2838202714920044,4.526788234710693,1.2148375511169434,2.498657703399658,0.2683663471978271,1.0,1.1959295145987996,4.4563318925884285
2025-07-16T13:57:23.550777,45,1.193407416343689,4.607513427734375,1.2360562086105347,2.4294636249542236,0.2682696768402895,1.0,1.1959042936162485,4.4578437079398885
2025-07-16T13:57:42.151071,46,1.3604545593261719,4.581991672515869,1.2305580377578735,2.591012477874756,0.2685640088065049,1.0,1.1975497962733477,4.459085187585648
2025-07-16T13:57:58.099984,47,1.1373376846313477,4.627873420715332,1.2417852878570557,2.3791229724884033,0.2683274073155081,1.0,1.1969476751569277,4.460773069916946
2025-07-16T13:58:19.494410,48,1.0503323078155518,4.678947925567627,1.2533390522003174,2.303671360015869,0.26786771711342344,1.0,1.195481521483514,4.462954818473452
2025-07-16T13:58:42.065644,49,1.5158551931381226,4.676086902618408,1.255329966545105,2.7711851596832275,0.26845736411692295,1.0,1.19868525820006,4.465086139314902
2025-07-16T13:59:01.466136,50,0.5361149907112122,4.498564720153809,1.2009074687957764,1.7370223999023438,0.2669534569851831,1.0,1.1920595555251716,4.465420925123292
2025-07-16T14:00:21.904185,1,0.44307538866996765,4.529741287231445,1.201459288597107,1.644534707069397,0.2652379538350426,1.0,1.1845697138566196,4.466064128744374
2025-07-16T14:00:47.023407,2,2.390240430831909,4.572196960449219,1.224772334098816,3.6150126457214355,0.2678739224697758,1.0,1.1966264210263724,4.467125457061422
2025-07-16T14:01:02.365913,3,2.227795362472534,5.097028732299805,1.375187635421753,3.602982997894287,0.26980182866416313,1.0,1.2069381104408339,4.473424489813805
2025-07-16T14:01:17.408834,4,2.1671054363250732,4.678896903991699,1.2718334197998047,3.438938856124878,0.2718233562984695,1.0,1.2165397836996763,4.475479213955584
2025-07-16T14:01:41.406559,5,0.6245571970939636,4.707577705383301,1.2727426290512085,1.8972997665405273,0.2703604228334171,1.0,1.210619957833619,4.477800198869861
2025-07-16T14:02:00.915841,6,2.0133066177368164,5.367059707641602,1.4577664136886597,3.4710731506347656,0.2716136088830773,1.0,1.218646824432651,4.4866927939575785
2025-07-16T14:02:16.286650,7,1.360417366027832,4.639120578765869,1.2610857486724854,2.6215031147003174,0.27183723683832084,1.0,1.2200645298486028,4.4882170718056615
2025-07-16T14:02:36.906106,8,0.969841718673706,4.568873882293701,1.2392202615737915,2.209062099456787,0.2712309839938397,1.0,1.217562301736854,4.489023639910542
2025-07-16T14:02:55.805365,9,1.899444818496704,4.641449928283691,1.2655256986618042,3.1649703979492188,0.2726574018765058,1.0,1.2243811269044524,4.490547902794273
2025-07-16T14:03:20.784706,10,1.2681703567504883,4.504703998565674,1.2286415100097656,2.496811866760254,0.27274631799013527,1.0,1.2248190192029127,4.490689463751988
2025-07-16T14:04:16.691679,13,1.1798895597457886,5.268454551696777,1.4339408874511719,2.61383056640625,0.2721748743931647,1.0,1.2243697246083416,4.498467114631436
2025-07-16T14:04:37.121811,14,1.3680905103683472,5.266313552856445,1.4325953722000122,2.8006858825683594,0.27203003281885724,1.0,1.2258069324659417,4.506145579013686
2025-07-16T14:05:17.895248,16,1.691119909286499,4.539499759674072,1.2394760847091675,2.930595874786377,0.2730424410087467,1.0,1.2304600622341473,4.50647912082029
2025-07-16T14:06:18.748517,20,1.1930431127548218,4.487951755523682,1.22507905960083,2.4181222915649414,0.27297063434575736,1.0,1.230085892739354,4.506293847167324
2025-07-16T14:06:41.618843,21,1.4673391580581665,4.642970085144043,1.2694538831710815,2.736793041229248,0.2734142007160188,1.0,1.2324584253925421,4.5076606095470915
2025-07-16T14:07:00.797473,22,2.120469331741333,4.609074115753174,1.2689807415008545,3.3894500732421875,0.2753222625311412,1.0,1.24133853445603,4.508674744609153
2025-07-16T14:07:14.115206,23,0.5253507494926453,4.472323894500732,1.2243269681930542,1.7496776580810547,0.27375631122891897,1.0,1.2341786566063961,4.508311236108069
2025-07-16T14:07:28.841929,24,1.6711485385894775,4.627651691436768,1.2709977626800537,2.9421463012695312,0.27465286131694827,1.0,1.2385483554262269,4.509504640661357
2025-07-16T14:07:49.361962,25,1.6013450622558594,4.689046859741211,1.2911185026168823,2.8924636840820312,0.2753477495256016,1.0,1.2421763224945233,4.511300062852155
2025-07-16T14:08:05.700144,26,1.5022344589233398,4.632089138031006,1.2777634859085083,2.7799978256225586,0.27585035060296326,1.0,1.2447769038588115,4.512507953603943
2025-07-16T14:08:18.919162,27,1.337554693222046,4.657294273376465,1.2852615118026733,2.6228160858154297,0.275967406317106,1.0,1.245704681752444,4.513955816801668
2025-07-16T14:08:35.326072,28,1.3865954875946045,4.689126968383789,1.295007348060608,2.681602954864502,0.276172355988211,1.0,1.2471135898108656,4.515707528317489
2025-07-16T14:09:08.886892,30,0.8986027240753174,4.462321758270264,1.2290713787078857,2.127674102783203,0.27543314368885213,1.0,1.24362848115351,4.515173670617017
2025-07-16T14:09:46.472456,32,1.561421513557434,4.675474166870117,1.290613055229187,2.852034568786621,0.27603897608180544,1.0,1.2468064114775492,4.516776675579548
2025-07-16T14:10:09.135693,33,1.3745715618133545,4.578456878662109,1.264954924583435,2.6395263671875,0.27628411525450786,1.0,1.2480840629809073,4.517393477610373
2025-07-16T14:10:44.797505,35,0.6832581758499146,5.120022773742676,1.4063032865524292,2.0895614624023438,0.274667367695105,1.0,1.2424358041095973,4.523419770571696
2025-07-16T14:11:42.036735,39,2.167987108230591,4.736140251159668,1.3099379539489746,3.4779250621795654,0.2765834320569707,1.0,1.2516913171508073,4.525546975377575
2025-07-16T14:11:58.705522,40,1.8819010257720947,4.462707996368408,1.240697979927063,3.1225991249084473,0.2780145957683668,1.0,1.2579934142370202,4.524918585587484
2025-07-16T14:12:32.740537,42,1.4502272605895996,4.692304611206055,1.3060394525527954,2.7562665939331055,0.278336467219186,1.0,1.259915752700546,4.5265924458436695
2025-07-16T14:13:09.302840,44,1.5411814451217651,4.934236526489258,1.3752055168151855,2.9163870811462402,0.27870683963650295,1.0,1.2627284096247582,4.530668886650125
2025-07-16T14:13:29.755982,45,1.553682804107666,4.706614971160889,1.3142778873443604,2.8679606914520264,0.2792405866662215,1.0,1.2656379535695872,4.532428347495232
2025-07-16T14:13:47.514674,46,1.0971885919570923,4.47019624710083,1.2467701435089111,2.343958854675293,0.2789072281063616,1.0,1.263953459953462,4.531806026491288
2025-07-16T14:14:05.103800,47,1.781715750694275,4.545501708984375,1.2729281187057495,3.0546438694000244,0.2800412725254057,1.0,1.2691310828608702,4.531942983316219
2025-07-16T14:14:22.709267,48,1.102887749671936,4.633096218109131,1.2954694032669067,2.3983571529388428,0.27961203721611944,1.0,1.2674686495289809,4.532954515664148
2025-07-16T14:14:40.328791,49,1.168041706085205,4.478431224822998,1.2513915300369263,2.419433116912842,0.27942630470703095,1.0,1.266474380094543,4.5324092827557365
2025-07-16T14:14:56.820197,50,1.14029061794281,4.594634056091309,1.2824064493179321,2.422697067260742,0.27910958288556603,1.0,1.2652125424730256,4.533031530489093
2025-07-16T14:16:52.412414,2,0.8515406847000122,4.60776424407959,1.281654953956604,2.133195638656616,0.27815115397454426,1.0,1.2610758238952955,4.5337788576249975
2025-07-16T14:17:15.163462,3,1.008530616760254,4.537388801574707,1.259542465209961,2.268073081970215,0.2775919134253548,1.0,1.258550371823945,4.533814957064495
2025-07-16T14:18:29.692225,7,0.5665515661239624,4.618404865264893,1.274744987487793,1.8412965536117554,0.27601411014238997,1.0,1.2516303837669454,4.534660856146499
2025-07-16T14:18:46.204357,8,1.5220592021942139,4.689086437225342,1.2966089248657227,2.8186681270599365,0.27651630343603073,1.0,1.254334671951218,4.536205111957288
2025-07-16T14:19:02.262832,9,1.6260918378829956,4.611926078796387,1.278838872909546,2.904930591583252,0.27728955006768863,1.0,1.258052243610536,4.536962321625679
2025-07-16T14:19:17.294723,10,1.216945767402649,4.715704441070557,1.306673526763916,2.5236191749572754,0.2770897818429026,1.0,1.2576411788484572,4.538749742820127
2025-07-16T14:19:36.074809,11,1.851441740989685,4.6446027755737305,1.292746901512146,3.144188642501831,0.27833315982977375,1.0,1.2635791844698694,4.539808273147663
2025-07-16T14:20:05.177057,13,2.122614622116089,4.699848175048828,1.3165526390075684,3.4391672611236572,0.2801266364425472,1.0,1.2721695388463317,4.541408672166676
2025-07-16T14:20:24.944944,14,1.716310739517212,4.87814998626709,1.370254397392273,3.0865650177001953,0.28089633550288556,1.0,1.2766109508530405,4.544776085307681
2025-07-16T14:20:59.188256,16,1.9561704397201538,4.908851146697998,1.3851087093353271,3.3412790298461914,0.2821655510515709,1.0,1.2834065457417116,4.548416835921584
2025-07-16T14:21:15.312547,17,1.6526535749435425,5.882415771484375,1.6597226858139038,3.3123762607574463,0.28214985202198195,1.0,1.2870990160337301,4.561756825277212
2025-07-16T14:22:08.798109,20,4.632768154144287,4.80148458480835,1.3892229795455933,6.02199125289917,0.2893319714359345,1.0,1.3205557074148357,4.564154102872523
2025-07-16T14:22:37.946944,22,0.8709039688110352,5.154955863952637,1.484493374824524,2.3553972244262695,0.28797402583443943,1.0,1.316059190028798,4.570062120483324
2025-07-16T14:23:08.957756,24,1.7270548343658447,4.523684978485107,1.306904673576355,3.03395938873291,0.2889026655600365,1.0,1.3201691464721683,4.569598349063342
2025-07-16T14:23:24.847628,25,1.2878613471984863,4.538928031921387,1.3110754489898682,2.5989367961883545,0.2888513511229999,1.0,1.3198460684794315,4.569291645891923
2025-07-16T14:23:42.997577,26,1.2547762393951416,4.734015464782715,1.3662601709365845,2.6210365295410156,0.288604901696868,1.0,1.3191953701885886,4.570938884080831
2025-07-16T14:23:59.213785,27,1.2192046642303467,4.534120559692383,1.3076828718185425,2.5268874168395996,0.2884093795996918,1.0,1.3181954631290063,4.570570700836947
2025-07-16T14:24:26.174959,29,2.66959810256958,4.732172966003418,1.378307580947876,4.047905921936035,0.29126314543748044,1.0,1.331709489523412,4.5721867234886115
2025-07-16T14:24:44.970865,30,1.466493010520935,4.462707996368408,1.3014495372772217,2.767942428588867,0.2916277643105595,1.0,1.3330573247333872,4.571091936217409
2025-07-16T14:25:20.839246,32,1.100142478942871,4.542034149169922,1.3223530054092407,2.4224953651428223,0.29113673271624807,1.0,1.3307281762754821,4.570801358346934
2025-07-16T14:25:37.550450,33,1.4681423902511597,4.483246326446533,1.3068358898162842,2.7749781608581543,0.2914932039290922,1.0,1.332102318415239,4.5699258080279295
2025-07-16T14:25:57.554430,34,1.6517082452774048,4.760773658752441,1.390481948852539,3.0421900749206543,0.29207059816140635,1.0,1.3352983776838607,4.571834286535174
2025-07-16T14:26:16.384210,35,2.1959590911865234,5.110730171203613,1.5005464553833008,3.696505546569824,0.2936070429247112,1.0,1.3439049848188873,4.577223245381858
2025-07-16T14:26:40.397242,36,1.4228333234786987,4.4702677726745605,1.3135799169540405,2.7364132404327393,0.2938481432590601,1.0,1.3446942682054854,4.5761536906547855
2025-07-16T14:26:58.715768,37,1.5384677648544312,4.65844202041626,1.370600700378418,2.9090685844421387,0.2942186787438412,1.0,1.3466320031719747,4.5769765739523995
2025-07-16T14:27:17.190732,38,2.6102609634399414,4.640007972717285,1.3777976036071777,3.988058567047119,0.2969386238443353,1.0,1.3592682927746544,4.577606887940048
2025-07-16T14:27:40.064532,39,1.3223296403884888,4.760773658752441,1.4127081632614136,2.7350378036499023,0.2967391934121197,1.0,1.3588989062507928,4.579438555648172
2025-07-16T14:28:02.155345,40,0.7697253227233887,4.602621078491211,1.3597875833511353,2.1295127868652344,0.295437674534594,1.0,1.3530071704155187,4.579670380876602
2025-07-16T14:28:26.200592,41,2.037963390350342,4.5710062980651855,1.3573096990585327,3.395273208618164,0.29693893743082417,1.0,1.359856732614867,4.579583740048488
2025-07-16T14:29:25.247972,44,1.544055461883545,4.510650157928467,1.341403841972351,2.8854594230651855,0.29738591824187055,1.0,1.3616987199075536,4.578894404227287
2025-07-16T14:29:48.500236,45,2.014613389968872,4.896544456481934,1.462131142616272,3.4767446517944336,0.2986046903385535,1.0,1.3682278666081669,4.582070904749834
2025-07-16T14:30:20.273387,47,1.6923487186431885,4.538200378417969,1.3584681749343872,3.0508170127868652,0.2993407179844808,1.0,1.371469075128517,4.581632199486516
2025-07-16T14:30:43.696441,48,2.151392936706543,4.527993202209473,1.3632802963256836,3.5146732330322266,0.3010782502887481,1.0,1.3792683137442971,4.581095809513746
2025-07-16T14:31:09.925936,49,1.8927100896835327,4.519768714904785,1.3660526275634766,3.258762836456299,0.3022394948184226,1.0,1.3844027315036893,4.580482538567656
2025-07-16T15:22:57.310072,1,0.341696172952652,4.6691083908081055,4.474207878112793,4.815904140472412,0.958257447726862,1.0,0.9934169617295265,1.0366910839080812
2025-07-16T15:33:50.231153,1,0.34478211402893066,4.6691083908081055,4.474347114562988,4.81912899017334,0.9582872149457995,1.0,0.9934478211402893,1.0366910839080812
2025-07-16T15:40:40.462114,1,0.3511286973953247,4.6691083908081055,4.474632740020752,4.825761318206787,0.9583484345646781,1.0,0.9935112869739532,1.0366910839080812
2025-07-16T15:51:10.843502,1,0.34727001190185547,4.6691083908081055,4.474458694458008,4.821728706359863,0.9583112133951692,1.0,0.9934727001190186,1.0366910839080812
2025-07-16T16:08:50.878930,1,0.34478211402893066,4.6691083908081055,4.474347114562988,4.81912899017334,0.9582872149457995,1.0,0.9934478211402893,1.0366910839080812
